"5 tangó (Manen)","FB","A/1/8A",
"5 tangó (Manen)","FB","A/1/8B",
"Mester és Margarita (Szente)","FSZ","S/2/2BE",
"Mester és Margarita (Szente)","FSZ","S/2/3",
"Mester és Margarita (Szente)","FSZ","S/2/4AH",
"Mester és Margarita (Szente)","NSZ","S/2/4AE",
"Mester és Margarita (Szente)","NSZ","S/2/4BH",
"Mester és Margarita (Szente)","FST","S/2/5",
"Mester és Margarita (Szente)","NST","S/2/6AH",
"Mester és Margarita (Szente)","FB","S/2/6AH",
"Mester és Margarita (Szente)","FB","S/2/6B",
"Mester és Margarita (Szente)","FB","S/2/6AE"
"Mester és Margarita (Szente)","NB","S/2/7",
"A bahcsiszeráji szökőkút (Zaharov)","FB","B/1/4B",
"A bahcsiszeráji szökőkút (Zaharov)","NB","B/1/5A",
"A bahcsiszeráji szökőkút (Zaharov)","FB","B/1/5B",
"A bahcsiszeráji szökőkút (Zaharov)","FB","B/1/6",
"A bahcsiszeráji szökőkút (Zaharov)","FB","B/1/7A",
"A bahcsiszeráji szökőkút (Zaharov)","NB","B/1/7B",
"A bahcsiszeráji szökőkút (Zaharov)","NB","B/1/8",
"A bahcsiszeráji szökőkút (Zaharov)","NB","B/1/9A",
"A bahcsiszeráji szökőkút (Zaharov)","FST","B/1/9B",
"A bahcsiszeráji szökőkút (Zaharov)","NST","B/1/10",
"A bajadér (Petipa)","FB","C/1/1A",
"A bajadér (Petipa)","NB","C/1/1B"
"A bajadér (Petipa)","FB","C/1/2"
"A bajadér (Petipa)","NB","C/1/3"
"A bajadér (Petipa)","FST","C/1/4A"
"A bánya (Kiljunen)","FSZ","AA/1/3B"
"A bánya (Kiljunen)","NSZ","AA/1/4A"
"A bánya (Kiljunen)","FK","AA/1/5A"
"A bánya (Kiljunen)","NK","AA/1/5B"
"A bánya (Kiljunen)","FST","AA/1/6A"
"A bánya (Kiljunen)","NST","AA/1/6B"
"A bolygó hollandi nyitánya (Nagy)","FB","A/1/1A"
"A cremonai hegedűs  (Varga)","FSZ","X/1/5B"
"A cremonai hegedűs (Varga)","NSZ","X/1/5B"
"A cremonai hegedűs (Varga)","FK","X/1/6A"
"A cremonai hegedűs (Varga)","NK","X/1/6B"
"A cremonai hegedűs (Varga)","FST","X/1/7A"
"A csengő (Fehér)","NSZ","X/1/7A"
"A csengő (Fehér)","FSZ","X/1/7A"
"A csengő (Fehér)","FK","X/1/7B"
"A csodálatos mandarin (Seregi)","FB","H/1/5B"
"A csodálatos mandarin (Seregi)","NB","H/1/5B"
"A csodálatos mandarin (Harangozó)","FB","H/1/5B"
"A csodálatos mandarin (Harangozó)","NB","H/1/5B"
"A diótörő (Eagling)","FB","OP/D "
"A diótörő (Eagling)","FB","OP/D"
"A diótörő (Eagling)","NB","C/1/6"
"A diótörő (Eagling)","FB","OP (C/1/7)"
"A diótörő (Eagling)","FB","OP (C/1/8)"
"A diótörő (Eagling)","FB","OP (C/1/9)"
"A diótörő (Eagling)","FB","OP (C/1/10)"
"A diótörő (Eagling)","NB","D/1/1"
"A diótörő (Eagling)","NB","D/1/2"
"A diótörő (Eagling)","NB","D/1/3"
"A diótörő (Eagling)","NB","D/1/4"
"A diótörő (Eagling)","FST","D/1/5"
"A diótörő (Eagling)","NST","D/1/6A"
"A diótörő (Vajnonen)","NB","B/2/9"
"A diótörő (Vajnonen)","NB","B/2/8"
"A diótörő (Vajnonen)","NB","B/2/7B"
"A diótörő (Vajnonen)","FB","B/2/7A"
"A diótörő (Vajnonen)","FB","B/2/6"
"A diótörő (Vajnonen)","FB","B/2/5B"
"A diótörő (Vajnonen)","FB","B/2/5A"
"A fából faragott királyfi (Frenák)","FB","A/1/6A"
"A fából faragott királyfi (Frenák)","NB","A/1/6B"
"A florentin kalap (Sipos)","FK","T/1/9B"
"A florentin kalap (Sipos)","NK","T/1/10A"
"A florentin kalap (Sipos)","FST","T/1/10B"
"A florentin kalap (Sipos)","NST","T/1/10B"
"A hattyúk tava (Dantzig)","FB","K/1/8B"
"A hattyúk tava (Dantzig)","FB","K/1/9A"
"A hattyúk tava (Dantzig)","NB","K/1/9B"
"A hattyúk tava (Dantzig)","FB","K/1/10"
"A hattyúk tava (Dantzig)","FB","L/1/1"
"A hattyúk tava (Dantzig)","FB","L/1/2A"
"A hattyúk tava (Dantzig)","NB","L/1/2B"
"A hattyúk tava (Dantzig)","NB","L/1/3"
"A hattyúk tava (Dantzig)","NB","L/1/4"
"A hattyúk tava (Dantzig)","FST","L/1/5A"
"A hattyúk tava (Dantzig)","NST","L/1/5B"
"A hattyúk tava (Dantzig)","NST","L/1/6A"
"A hattyúk tava (Petipa)","NB","A/2/5"
"A hattyúk tava (Petipa)","NB","A/2/4B"
"A hattyúk tava (Petipa)","FB","A/2/4A"
"A hattyúk tava (Petipa)","FB","A/2/3B"
"A hattyúk tava (Petipa)","FB","A/2/3A"
"A kairói lúd, avagy A rászedett vőlegény (Toronykőy)","FST","Y/2/3AE"
"A kairói lúd, avagy A rászedett vőlegény (Toronykőy)","NK","Y/2/3AH"
"A kairói lúd, avagy A rászedett vőlegény (Toronykőy)","FK","Y/2/2BE"
"A kairói lúd, avagy A rászedett vőlegény (Toronykőy)","NSZ","Y/2/2BH"
"A kairói lúd, avagy A rászedett vőlegény (Toronykőy)","FSZ","Y/2/2AE"
"A kalóz (Holmes)","FB","D/1/6B"
"A kalóz (Holmes)","NB","D/1/7A"
"A kalóz (Holmes)","FB","D/1/7B"
"A kalóz (Holmes)","FB","D/1/8"
"A kalóz (Holmes)","NB","D/1/9"
"A kalóz (Holmes)","NB","D/1/10A"
"A kalóz (Holmes)","FST","D/1/10B"
"A kalóz (Holmes)","NST","E/1/1A"
"A kármeliták (Anger)","FST","Y/2/6B"
"A kármeliták (Anger)","NK","Y/2/6A"
"A kármeliták (Anger)","NK","Y/2/5B"
"A kármeliták (Anger)","NK","Y/2/5AE"
"A kármeliták (Anger)","FK","Y/2/5AH"
"A kármeliták (Anger)","FK","Y/2/4A"
"A kármeliták (Anger)","NSZ","Y/2/3BE"
"A kármeliták (Anger)","FSZ","Y/2/3BH"
"A kéjenc útja (Anger)","NST","Y/2/10AE"
"A kéjenc útja (Anger)","NST","Y/2/10BE"
"A kéjenc útja (Anger)","FST","Y/2/10AH"
"A kéjenc útja (Anger)","FST","Y/2/10BH"
"A kéjenc útja (Anger)","NK","Y/2/9B"
"A kéjenc útja (Anger)","NK","Y/2/9AE"
"A kéjenc útja (Anger)","FK","Y/2/9AH"
"A kéjenc útja (Anger)","FK","Y/2/8BE"
"A kéjenc útja (Anger)","NSZ","Y/2/8BH"
"A kéjenc útja (Anger)","FSZ","Y/2/8AE"
"A képzelt beteg, avagy őfelsége komédiása (Szabó)","NST","X/2/3AE"
"A képzelt beteg, avagy őfelsége komédiása (Szabó)","FST","X/2/3AH"
"A képzelt beteg, avagy őfelsége komédiása (Szabó)","FST","X/2/2B"
"A képzelt beteg, avagy őfelsége komédiása (Szabó)","NSZ","X/2/2A"
"A képzelt beteg, avagy őfelsége komédiása (Szabó)","FSZ","X/2/1"
"A köpeny (Anger)","FST","F/2/8"
"A köpeny (Anger)","FK","F/2/7A"
"A lakatlan sziget (Geréb)","FST","X/2/4BE"
"A lakatlan sziget (Geréb)","NSZ","X/2/4BH"
"A lakatlan sziget (Geréb)","FSZ","X/2/4BH"
"A makrancos Kata (Seregi)","FB","E/1/1B"
"A makrancos Kata (Seregi)","FB","E/1/2A"
"A makrancos Kata (Seregi)","NB","E/1/2B"
"A makrancos Kata (Seregi)","FB","E/1/3"
"A makrancos Kata (Seregi)","FB","E/1/4A"
"A makrancos Kata (Seregi)","NB","E/1/4B"
"A makrancos Kata (Seregi)","NB","E/1/5A"
"A makrancos Kata (Seregi)","FST","E/1/5B"
"A makrancos Kata (Seregi)","FST","E/1/6A"
"A makrancos Kata (Seregi)","NST","E/1/6B"
"A Nyugat lánya (Barkhatov)","FSZ","R/2/5AH"
"A Nyugat lánya (Barkhatov)","FSZ","R/2/5BH"
"A Nyugat lánya (Barkhatov)","FK","R/2/6AH"
"A Nyugat lánya (Barkhatov)","FK","R/2/6BH"
"A Nyugat lánya (Barkhatov)","FST","R/2/6BE"
"A rajna kincse (M.Tóth)","NST","K/2/4BH"
"A rajna kincse (M.Tóth)","NST","K/2/4AH"
"A rajna kincse (M.Tóth)","NST","K/2/3AE"
"A rajna kincse (M.Tóth)","NST","K/2/3BE"
"A rajna kincse (M.Tóth)","FST","K/2/3AH"
"A rajna kincse (M.Tóth)","FST","K/2/3BH"
"A rajna kincse (M.Tóth)","FST","K/2/2BE"
"A rajna kincse (M.Tóth)","NSZ","K/2/2AE"
"A rajna kincse (M.Tóth)","NSZ","K/2/2BH"
"A rajna kincse (M.Tóth)","NSZ","K/2/2AH"
"A rajna kincse (M.Tóth)","FSZ","K/2/1BE"
"A rajna kincse (M.Tóth)","FSZ","K/2/1AE"
"A rajna kincse (M.Tóth)","FSZ","K/2/1BH"
"A rajnai sellők (Anger)","NB","K/2/9AH"
"A rajnai sellők (Anger)","FB","K/2/9AH"
"A rajnai sellők (Anger)","FST","K/2/8AE"
"A rajnai sellők (Anger)","FST","K/2/8BE"
"A rajnai sellők (Anger)","FST","K/2/8BH"
"A rajnai sellők (Anger)","FST","K/2/8AH"
"A rajnai sellők (Anger)","FST","K/2/7AE"
"A rajnai sellők (Anger)","FST","K/2/7BE"
"A rajnai sellők (Anger)","NK","K/2/7AH"
"A rajnai sellők (Anger)","NK","K/2/7BH"
"A rajnai sellők (Anger)","NK","K/2/6AE"
"A rajnai sellők (Anger)","NK","K/2/6BE"
"A rajnai sellők (Anger)","NK","K/2/6BH"
"A rajnai sellők (Anger)","FK","K/2/6AH"
"A rajnai sellők (Anger)","FK","K/2/5AE"
"A rajnai sellők (Anger)","FK","K/2/5BE"
"A rajnai sellők (Anger)","FK","K/2/5BH"
"A rajnai sellők (Anger)","FK","K/2/5AH"
"A rajnai sellők (Anger)","NSZ","K/2/4BE"
"A rajnai sellők (Anger)","FSZ","K/2/4AE"
"A rosszul őrzött lány (Ashton)","FB","Q/1/3"
"A rosszul őrzött lány (Ashton)","NB","Q/1/4A"
"A rosszul őrzött lány (Ashton)","FB","Q/1/4B"
"A rosszul őrzött lány (Ashton)","NB","Q/1/5"
"A rosszul őrzött lány (Ashton)","FST","Q/1/6A"
"A sárga hercegnő (Székely)","NK","AD/2/2A"
"A sárga hercegnő (Székely)","FB","AD/2/2A"
"A szerelemről és más démonokról (Purcărete)","FSZ","H/2/10AH"
"A szerelemről és más démonokról (Purcărete)","NSZ","H/2/10B"
"A szerelemről és más démonokról (Purcărete)","NK","G/2/1AH"
"A szerelemről és más démonokról (Purcărete)","FST","G/2/1AE"
"A szerelemről és más démonokról (Purcărete)","FST","G/2/1BH"
"A szerelemről és más démonokról (Purcărete)","NST","G/2/1BE"
"A sevillai borbély (Békés)","FST","I/2/4AE"
"A sevillai borbély (Békés)","FST","I/2/4BE"
"A sevillai borbély (Békés)","FK","I/2/4BH"
"A sevillai borbély (Békés)","FK","I/2/4AH"
"A sevillai borbély (Békés)","FK","I/2/3AE"
"A sevillai borbély (Békés)","FK","I/2/3BE"
"A sevillai borbély (Békés)","NSZ","I/2/3BH"
"A sevillai borbély (Békés)","NSZ","I/2/3AH"
"A sevillai borbély (Békés)","NSZ","I/2/2BE"
"A sevillai borbély (Békés)","FSZ","I/2/2AE"
"A sevillai borbély (Békés)","FSZ","I/2/2BH"
"A sevillai borbély (Békés)","FSZ","I/2/2AH"
"A sevillai borbély (Békés)","FSZ","I/2/1AE"
"A sevillai borbély (Békés)","FSZ","I/2/1BE"
"A Szilfid (Bournonville)","FB -SZ","S/1/1B"
"A Szilfid (Bournonville)","NB-SZ","S/1/2A"
"A Szilfid (Bournonville)","FB","S/1/2B"
"A Szilfid (Bournonville)","FB","S/1/3 AH"
"A Szilfid (Bournonville)","NB","S/1/3 B-4A"
"A Szilfid (Bournonville)","NB","S/1/5"
"A színigazgató (Szarka)","NSZ","G/2/7AH"
"A színigazgató (Szarka)","FST","G/2/7AH"
"A színigazgató (Szarka)","FSZ","G/2/7AH"
"A színigazgató (Szabó)","FSZ","G/2/7AE"
"A színigazgató (Szabó)","NSZ","G/2/7B"
"A telefon (Almási)","FSZ","G/2/10AE"
"A telefon (Almási)","NSZ","G/2/10AE"
"A telefon (Almási)","FB","G/2/10AH"
"A telefon (Almási)","NB","G/2/10AH"
"A tenor (Almási)","NSZ","G/2/10BE"
"A tenor (Almási)","FSZ","G/2/10BH"
"A tisztességtudó utcalány (Székely)","FB","AA/2/4A"
"A tisztességtudó utcalány (Székely)","NSZ","AA/2/4A"
"A tökéletesség szédítő ereje ( Forsythe)","FB","A/1/1A"
"A tökéletesség szédítő ereje ( Forsythe)","NB","A/1/1B"
"A trubadúr (Galgóczy)","FSZ","F/2/9A"
"A trubadúr (Galgóczy)","NSZ","F/2/9B"
"A trubadúr (Galgóczy)","FK","F/2/10"
"A trubadúr (Galgóczy)","FK","E/2/1"
"A trubadúr (Galgóczy)","FK","E/2/2"
"A trubadúr (Galgóczy)","FK","E/2/3"
"A trubadúr (Galgóczy)","FK","E/2/4A H"
"A trubadúr (Galgóczy)","NK","E/2/4"
"A trubadúr (Galgóczy)","NK","E/2/5"
"A trubadúr (Galgóczy)","NK","E/2/6A"
"A trubadúr (Galgóczy)","FST","E/2/6B"
"A trubadúr (Galgóczy)","FST","E/2/7"
"A trubadúr (Galgóczy)","NST","E/2/8A"
"A trubadúr (Galgóczy)","FST","E/2/8AH"
"A trubadúr (Galgóczy)","NST","E/2/8B"
"A trubadúr (Galgóczy)","NST","E/2/8AE"
"A tündérkirálynő (Almási)","FSZ","E/2/9A"
"A tündérkirálynő (Almási)","NSZ","E/2/9B"
"A tündérkirálynő (Almási)","FK","E/2/10A"
"A tündérkirálynő (Almási)","NK","E/2/10B"
"A tündérkirálynő (Almási)","FST","D/2/1AH"
"A vágy villamosa (Venekei)","FB","E/1/7A"
"A vágy villamosa (Venekei)","NB","E/1/7B"
"A vágy villamosa (Venekei)","FB","E/1/8"
"A vágy villamosa (Venekei)","NB","E/1/9"
"A varázsfuvola (Szinetár)","FSZ","D/2/4A"
"A varázsfuvola (Szinetár)","FSZ","D/2/4B"
"A varázsfuvola (Szinetár)","NSZ","D/2/5"
"A varázsfuvola (Szinetár)","NSZ","D/2/6A"
"A varázsfuvola (Szinetár)","FK","D/2/6B"
"A varázsfuvola (Szinetár)","FK","D/2/7"
"A varázsfuvola (Szinetár)","FK","D/2/8AH"
"A varázsfuvola (Szinetár)","NK","D/2/8AE"
"A varázsfuvola (Szinetár)","NK","D/2/8B"
"A varázsfuvola (Szinetár)","NK","D/2/9"
"A varázsfuvola (Szinetár)","FST","D/2/10AH"
"A varázsfuvola (Szinetár)","NST","D/2/10AE"
"A varázsfuvola (Szinetár)","NST","D/2/10B"
"A velencei mór (Pártay)","NB","A/2/10"
"A velencei mór (Pártay)","FB","A/2/9"
"A velencei mór (Pártay)","FB","A/2/8B"
"A víg özvegy (Hynd)","FB","E/1/10"
"A víg özvegy (Hynd)","NB","F/1/1A"
"A víg özvegy (Hynd)","FB","F/1/1B"
"A víg özvegy (Hynd)","FB","F/1/2"
"A víg özvegy (Hynd)","NB","F/1/3"
"A víg özvegy (Hynd)","NB","F/1/4A"
"A víg özvegy (Hynd)","FST","F/1/4B"
"A vihar (Engels)","FSZ","C/2/2AH"
"A vihar (Engels)","NSZ","C/2/2AE"
"A vihar (Engels)","FK","C/2/2B"
"A vihar (Engels)","NK","C/2/3A"
"A vihar (Engels)","FST","C/2/3BH"
"A walkür (M. Tóth)","FSZ","D/2/1AE"
"A walkür (M. Tóth)","NSZ","D/2/1B"
"A walkür (M. Tóth)","NSZ","D/2/2AH"
"A walkür (M. Tóth)","FST","D/2/2AE"
"A walkür (M. Tóth)","FST","D/2/2B"
"A walkür (M. Tóth)","NST","D/2/3AH"
"A walkür (M. Tóth)","FB","D/2/3AE"
"A walkür (M. Tóth)","FB","D/2/3B"
"A windsori víg nők (Markó)","FK","C/2/7AH"
"A windsori víg nők (Markó)","NK","C/2/7AE"
"Aida (Mohácsi)","NK","AD/1/3B"
"Aida (Mohácsi)","FST","AD/1/4"
"Aida (Mohácsi)","NST","AD/1/5"
"Aida (Mohácsi)","NB","AD/1/6A"
"Aida (Mohácsi)","FSZ","AD/1/1A"
"Aida (Mohácsi)","NSZ","AD/1/1B"
"Aida (Mohácsi)","FK","AD/1/2"
"Aida (Mohácsi)","FK","AD/1/3A"
"Aida (Mohácsi)","NK","AD/1/3B"
"Aida (Mohácsi)","NK","AD/1/4"
"Aida (Mohácsi)","FST","AD/1/5"
"Aida (Mohácsi)","NST","AD/1/6A"
"Aida (Mohácsi)","FBK","AD/1/6B"
"Aida (Mohácsi)","NBK","AD/1/7A"
"Az álarcosbál (Ceresa)","FSZ","AC/1/9"
"Az álarcosbál (Ceresa)","NSZ","AC/1/10"
"Az álarcosbál (Ceresa)","FK","AB/1/1"
"Az álarcosbál (Ceresa)","FK","AB/1/2"
"Az álarcosbál (Ceresa)","NK","AB/1/3"
"Az álarcosbál (Ceresa)","NK","AB/1/4"
"Az álarcosbál (Ceresa)","NK","AB/1/5A"
"Az álarcosbál (Ceresa)","FST","AB/1/5B"
"Az álarcosbál (Ceresa)","NST","AB/1/6"
"Az álarcosbál (Ceresa)","NST","AB/1/7"
"Wolfgang AMADEUS Mozart (Pártay)","FB","B/1/1A"
"Wolfgang AMADEUS Mozart (Pártay)","NB","B/1/1B"
"Wolfgang AMADEUS Mozart (Pártay)","FB","B/1/2"
"Wolfgang AMADEUS Mozart (Pártay)","FB","B/1/3A"
"Wolfgang AMADEUS Mozart (Pártay)","NB","B/1/3B"
"Wolfgang AMADEUS Mozart (Pártay)","NB","B/1/4A"
"Angelica nővér (Anger)","MIND","F/2/6"
"Angelica nővér (Anger)","NSZ","F/2/6B"
"Angelica nővér (Anger)","FK","F/2/7A"
"Angelica nővér (Anger)","NK","F/2/7B"
"Angelica nővér (Anger)","NST","F/2/8BH"
"Anna Karenina (Pártay)","FB","F/1/5"
"Anna Karenina (Pártay)","FB","F/1/6"
"Anna Karenina (Pártay)","NB","F/1/7"
"Anna Karenina (Pártay)","FB","F/1/8"
"Anna Karenina (Pártay)","FB","F/1/9"
"Anna Karenina (Pártay)","NB","F/1/10"
"Anna Karenina (Pártay)","NB","G/1/1"
"Anyegin (Cranko)","FB","G/1/2"
"Anyegin (Cranko)","NB","G/1/3"
"Anyegin (Cranko)","FB","G/1/4"
"Anyegin (Cranko)","NB","G/1/5"
"Arabella (Bereményi)","FSZ","AD/1/6B"
"Arabella (Bereményi)","NSZ","AD/1/7"
"Arabella (Bereményi)","FK","AD/1/8"
"Arabella (Bereményi)","NK","AD/1/9"
"Arabella (Bereményi)","FST","AD/1/10A"
"Arabella (Bereményi)","NST","AD/1/10B"
"Aranyecset (Pártay)","FB","G/1/6A"
"Aranyecset (Pártay)","NB","G/1/6"
"Aranyecset (Pártay)","FB","G/1/7"
"Aranyecset (Pártay)","FB","G/1/8"
"Aranyecset (Pártay)","NB","G/1/10A"
"Aranyecset (Pártay)","FST","G/1/10B"
"Ariadné Naxoszban (Anger)","FSZ","AC/1/1A"
"Ariadné Naxoszban (Anger)","NSZ","AC/1/1B"
"Ariadné Naxoszban (Anger)","FST","AC/1/2A"
"Az arany meg az asszony (Káel)","FB","AC/1/5B"
"Az arany meg az asszony (Káel)","NB","AC/1/6A"
"Az arany meg az asszony (Káel)","FK","AC/1/4A"
"Az arany meg az asszony (Káel)","NSZ","AC/1/2B"
"Az arany meg az asszony (Káel)","FSZ","AC/1/3A"
"Az arany meg az asszony (Káel)","FK","AC/1/3B"
"Az árnyék nélküli asszony (Szikora)","FSZ","AC/1/6B"
"Az árnyék nélküli asszony (Szikora)","NSZ","AC/1/7A"
"Az árnyék nélküli asszony (Szikora)","FST","AC/1/7B"
"Az árnyék nélküli asszony (Szikora)","NST","AC/1/8"
"Bajazzók (Delnon)","NST","O/2/8A"
"Bajazzók (Delnon)","FST","O/1/7B"
"Bajazzók (Delnon)","NK","O/2/7A"
"Bajazzók (Delnon)","FK","O/2/6"
"Bajazzók (Delnon)","NSZ","O/2/5BH"
"Bajazzók (Delnon)","FSZ","O/2/5A"
"Bánk bán (Káel)","FSZ","AB/1/8"
"Bánk bán (Káel)","NSZ","AB/1/9A"
"Bánk bán (Káel)","FK","AB/1/9B"
"Bánk bán (Káel)","FK","AB/1/10"
"Bánk bán (Káel)","NK","AA/1/1"
"Bánk bán (Káel)","FST","AA/1/2A"
"Bánk bán (Káel)","NST","AA/1/2B"
"Bánk bán (Káel)","FB","AA/1/3A"
"Bedroom Folk (Eyal)","FB","A/1/1A"
"Bedroom Folk (Eyal)","NB","A/1/1B"
"Black Cake (Manen)","FB","A/1/2A"
"Black Cake (Manen)","NB","A/1/1B"
"Bohémélet (Michieletto)-2.0","FSZ","AA/1/8B"
"Bohémélet (Michieletto)-2.0","NSZ","AA/1/9A"
"Bohémélet (Michieletto)-2.0","FK","AA/1/9B"
"Bohémélet (Michieletto)-2.0","FK","AA/1/10"
"Bohémélet (Michieletto)-2.0","FK","Z/1/1"
"Bohémélet (Michieletto)-2.0","NK","Z/1/2"
"Bohémélet (Michieletto)-2.0","FST","Z/1/3"
"Bohémélet (Michieletto)-2.0","NST","Z/1/4"
"Bohémélet (Michieletto)-2.0","NST","Z/1/5"
"Bolondokháza (Szilágyi)","FSZ","AA/1/7A"
"Bolondokháza (Szilágyi)","NSZ","AA/1/7B"
"Bolondokháza (Szilágyi)","FST","AA/1/8A"
"Bolondokháza (Szilágyi)","NST","AA/1/8A"
"Bolygó hollandi ( Szikora)","FSZ","Z/1/6A"
"Bolygó hollandi ( Szikora)","NSZ","Z/1/6A"
"Bolygó hollandi ( Szikora)","FK","Z/1/6B"
"Bolygó hollandi ( Szikora)","NK","Z/1/7A"
"Bolygó hollandi ( Szikora)","FST","Z/1/7B"
"A bűvös vadász (Zsótér)","FSZ","Z/1/8A"
"A bűvös vadász (Zsótér)","NSZ","Z/1/8B"
"A bűvös vadász (Zsótér)","FK","Z/1/9"
"A bűvös vadász (Zsótér)","FK","Z/1/10A"
"A bűvös vadász (Zsótér)","NK","Z/1/10B"
"Cacti (Ekman)","NB","A/1/1B"
"Cacti (Ekman)","FB","A/1/2A"
"Carmen ( Bieito)","FSZ","Y/1/1A"
"Carmen (Bieito)","NSZ","Y/1/2A"
"Carmen (Bieito)","FK","Y/1/2B"
"Carmen (Bieito)","FK","Y/1/3"
"Carmen (Bieito)","NK","Y/1/4"
"Carmen (Bieito)","NK","Y/1/5A"
"Carmen (Bieito)","FST","Y/1/5B"
"Carmen (Bieito)","NST","Y/1/6B"
"Carmen (Bieito)","NB","Y/1/8A"
"Carmen (Bieito)","FB","Y/1/7B"
"Chroma (McGregor)","FB","A/1/2B"
"Chroma (McGregor)","NB","A/1/1B"
"Concerto Barocco (Balanchine)","FB","A/1/2B"
"Coppélia (Harangozó)","FB","H/1/1"
"Coppélia (Harangozó)","NB","H/1/2A"
"Coppélia (Harangozó)","FB","H/1/2B"
"Coppélia (Harangozó)","FB","H/1/3"
"Coppélia (Harangozó)","NB","H/1/4"
"Coppélia (Harangozó)","FST","H/1/5A"
"Cosi fan tutte  (Menzel)","FSZ","X/1/3A"
"Cosi fan tutte  (Menzel)","NSZ","X/1/3B"
"Cosi fan tutte  (Menzel)","FK","X/1/4A"
"Cosi fan tutte  (Menzel)","NK","X/1/4A"
"Cosi fan tutte  (Menzel)","FST","X/1/5B"
"Cosi fan titte  (Menzel)","FB","X/1/5A"
"Cosi fan titte  (Menzel)","NB","X/1/5A"
"Cosi fan tutte  ( Szinetár)","FSZ","Y/1/8B"
"Cosi fan tutte  ( Szinetár)","NSZ","Y/1/9B"
"Cosi fan tutte  ( Szinetár)","NSZ","Y/1/10A"
"Cosi fan tutte  ( Szinetár)","FK","Y/1/20B"
"Cosi fan tutte  ( Szinetár)","FK","X/1/1A"
"Cosi fan tutte  ( Szinetár)","NK","X/1/1B"
"Cosi fan tutte  ( Szinetár)","FST","X/1/2A"
"Cosi fan tutte  ( Szinetár)","FB","X/1/2B"
"Cosi fan tutte  ( Szinetár)","NB","X/1/2B"
"Csipkerózsika (Petipa)","FB","H/1/6"
"Csipkerózsika (Petipa)","NB","H/1/7"
"Csipkerózsika (Petipa)","FB","H/1/8"
"Csipkerózsika (Petipa)","FB","H/1/9"
"Csipkerózsika (Petipa)","FB","H/1/10"
"Csipkerózsika (Petipa)","FB","I/1/1"
"Csipkerózsika (Petipa)","NB","I/1/2"
"Csipkerózsika (Petipa)","NB","I/1/3"
"Csipkerózsika (Petipa)","NB","I/1/4"
"Csipkerózsika (Petipa)","FST","I/1/5A"
"Csipkerózsika (Petipa)","NST","I/1/5B"
"Csipkerózsika (Róna)","NB","B/2/4"
"Csipkerózsika (Róna)","NB","B/2/3"
"Csipkerózsika (Róna)","FB","B/2/2"
"Csipkerózsika (Róna)","FB","B/2/1AE"
"Csipkerózsika (Róna)","FB","B/2/1AH"
"Dzsamile (Viktor)","NK","AD/2/1B"
"Dzsamile (Viktor)","FK","AD/2/2A"
"Dzsamile (Viktor)","FSZ","AD/2/2AE"
"Doktor Faust (Szabó)","FSZ","W/1/9AH"
"Doktor Faust (Szabó)","NSZ","W/1/9AE"
"Doktor Faust (Szabó)","FK","W/1/9B"
"Doktor Faust (Szabó)","FK","W/1/10A"
"Doktor Faust (Szabó)","NK","W/1/10BH"
"Doktor Faust (Szabó)","NB","W/1/10BE"
"Doktor Faust (Szabó)","NK","V/1/1A"
"Doktor Faust (Szabó)","FST","V/1/1B"
"Doktor Faust (Szabó)","NST","V/1/1B"
"Don Carlos (Hilbrich)","FSZ","X/1/8"
"Don Carlos (Hilbrich)","NSZ","X/1/9A"
"Don Carlos (Hilbrich)","FK","X/1/9B"
"Don Carlos (Hilbrich)","NK","W/1/1"
"Don Carlos (Hilbrich)","NK ","W/1/2"
"Don Carlos (Hilbrich)","NK","W/1/3A"
"Don Carlos (Hilbrich)","FST","W/1/3B"
"Don Carlos (Hilbrich)","NST","W/1/4A"
"Don Juan (Gluck)","FB","A/1/3A"
"Don Juan (Gluck)","FB","A/1/3A"
"Don Juan (Gluck)","FB","A/1/3B"
"Don Juan (Gluck)","NB","A/1/4A"
"Don Juan (Gluck)","NB","A/1/4B"
"Don Pasquale (Káel)","FSZ","W/1/6B"
"Don Pasquale (Káel)","NSZ","W/1/7A"
"Don Pasquale (Káel)","FK","W/1/7B"
"Don Pasquale (Káel)","FK","W/1/8A"
"Don Pasquale (Káel)","NK","W/1/8B"
"Don Pasquale   (Palcsó)- régi","FSZ","W/1/4B"
"Don Pasquale (Palcsó)- régi","NSZ","W/1/5A"
"Don Pasquale (Palcsó)- régi)","FK","W/1/5B"
"Don Pasquale (Palcsó)- régi","NK","W/1/6A"
"Don Quijote (Petipa)","FB","I/1/6"
"Don Quijote (Petipa)","NB","I/1/7"
"Don Quijote (Petipa)","FB","I/1/8"
"Don Quijote (Petipa)","FB","I/1/9"
"Don Quijote (Petipa)","NB","I/1/10"
"Don Quijote (Petipa)","NB","J/1/1A"
"Don Quijote (Petipa)","FST","J/1/1B"
"Don Quijote (Petipa)","FST","J/1/2"
"Don Quijote (Petipa)","NST","J/1/3"
"Don Quijote (Petipa)","NST","J/1/4A"
"Don Quijote (Harangozó)","NB","A/2/2"
"Don Quijote (Harangozó)","FB","A/2/1"
"Don Quijote (Harangozó)","FB","B/2/10"
"Duett (Eagling)","FB","A/1/2B"
"Edgar (Tulassay)","NSZ","V/1/2AH"
"Edgar (Tulassay)","FSZ","V/1/2AE"
"Edgar (Tulassay)","FK","V/1/2B"
"Edgar (Tulassay)","NK","V/1/3A"
"Edgar (Tulassay)","FST","V/1/3BH"
"Edgar (Tulassay)","NST","V/1/3BE"
"Elektra (Kovalik)","FSZ","V/1/4AH"
"Elektra (Kovalik)","NSZ","V/1/4AE"
"Elektra (Kovalik)","FK","V/1/4B"
"Elektra (Kovalik)","FK","V/1/5A"
"Elektra (Kovalik)","NK","V/1/5B"
"Élet a Holdon (Toronykőy)","FSZ","V/1/6A"
"Élet a Holdon (Toronykőy)","NSZ","V/1/6A"
"Élet a Holdon (Toronykőy)","FK","V/1/6B"
"Elfújta a szél (Pártay)","FB","J/1/5"
"Elfújta a szél (Pártay)","NB","J/1/6"
"Elfújta a szél (Pártay)","FB","J/1/7"
"Elfújta a szél (Pártay)","FB","J/1/8"
"Elfújta a szél (Pártay)","NB","J/1/9"
"Elfújta a szél (Pártay)","FST","J/1/10A"
"Episode 31 (Ekman)","FB","A/1/5A"
"Episode 31 (Ekman)","NB","A/1/5B"
"Etűdök (Lander)","FB","J/1/10B"
"Etűdök (Lander)","FB","J/1/10B"
"Etűdök (Lander)","NB","J/1/10A"
"Falling Angels (Kylián)","NB","A/1/6B"
"Falstaff (Bernhard)","FSZ","V/1/7A"
"Falstaff (Bernhard)","FSZ","V/1/7B"
"Falstaff (Bernhard)","NSZ","V/1/8A"
"Falstaff (Bernhard)","NSZ","V/1/8B"
"Falstaff (Bernhard)","FK","V/1/9A"
"Falstaff (Bernhard)","FK","V/1/9B"
"Falstaff (Bernhard)","FK","V/1/10A"
"Falstaff (Bernhard)","FK","V/1/10B"
"Falstaff (Bernhard)","NK","U/1/1A"
"Falstaff (Bernhard)","NK","U/1/1B"
"Falstaff (Bernhard)","NK","U/1/2A"
"Falstaff (Bernhard)","FST","U/1/2B"
"Falstaff (Bernhard)","FST","U/1/3A"
"Falstaff (Bernhard)","NST","U/1/3B"
"Fantasio (Testoni)","NSZ","AD/2/1A"
"Fantasio (Testoni)","FSZ","AD/2/1A"
"Farnace (Anger)","FSZ","U/1/10B"
"Farnace (Anger)","NSZ","U/1/10B"
"Farnace (Anger)","FK","T/1/1AE"
"Farnace (Anger)","NK","T/1/1AH"
"Farnace (Anger)","FST","T/1/1BH"
"Farnace (Anger)","FB","T/1/1BE"
"Faust (Znaniecki)","FSZ","U/1/4A"
"Faust (Znaniecki)","NSZ","U/1/4B"
"Faust (Znaniecki)","FK","U/1/5A"
"Faust (Znaniecki)","FK","U/1/5B"
"Faust (Znaniecki)","FK","U/1/6A"
"Faust (Znaniecki)","NK","U/1/6B"
"Faust (Znaniecki)","NK","U/1/7A"
"Faust (Znaniecki)","NK","U/1/7B"
"Faust (Znaniecki)","FST","U/1/8A"
"Faust (Znaniecki)","NST","U/1/8B"
"Faust (Znaniecki)","FB","U/1/9A"
"Faust (Znaniecki)","NB","U/1/10A"
"Fedora (Dudek)","FK","T/1/2AE"
"Fedora (Dudek)","NK","T/1/2AH"
"Fedora (Dudek)","FST","T/1/2BE"
"Fedora (Dudek)","NST","T/1/2BH"
"Figaro 2.0 (Hábetler)","FSZ","T/1/7B"
"Figaro 2.0 (Hábetler)","NSZ","T/1/8"
"Figaro 2.0 (Hábetler)","NSZ","T/1/9A"
"Figaro 2.0 (Hábetler)","FST","T/1/9B"
"Figaro házassága (Galgóczy)","FSZ","T/1/3A"
"Figaro házassága (Galgóczy)","NSZ","T/1/3B"
"Figaro házassága (Galgóczy)","NSZ","T/1/4"
"Figaro házassága (Galgóczy)","FK","T/1/5A"
"Figaro házassága (Galgóczy)","NK","T/1/5B"
"Figaro házassága (Galgóczy)","FST","T/1/6A"
"Figaro házassága (Galgóczy)","NST","T/1/6B"
"Figaro házassága (Galgóczy)","FB","T/1/7AH"
"Figaro házassága (Galgóczy)","NB","T/1/7AE"
"Fortunio  ( Testoni)","NSZ","AD/2/1A"
"Fortunio  ( Testoni)","FSZ","AD/2/1A"
"Furfangos diákok ( Harangozó)","FB","K/1/1A"
"Furfangos diákok ( Harangozó)","NB","K/1/1B"
"Furfangos diákok ( Harangozó)","FB","K/1/2"
"Furfangos diákok ( Harangozó)","NB","K/1/3"
"Furfangos diákok ( Harangozó)","FST","K/1/4A"
"Gianni Schicchi (Anger)","MIND","F/2/7"
"Gianni Schicchi (Anger)","NSZ","F/2/6AE"
"Gioconda (Almási)","FSZ","AD/2/4B"
"Gioconda (Almási)","NSZ","AD/2/5A"
"Gioconda (Almási)","NSZ","AD/2/5B"
"Gioconda (Almási)","FK","AD/2/6A"
"Gioconda (Almási)","FK","AD/2/6B"
"Gioconda (Almási)","NK","AD/2/7A"
"Gioconda (Almási)","NK","AD/2/7B"
"Gioconda (Almási)","NK","AD/2/8"
"Gioconda (Almási)","NK","AD/2/9"
"Gioconda (Almási)","NK","AD/2/10"
"Gioconda (Almási)","FST","AC/2/1A"
"Gioconda (Almási)","NST","AC/2/1A"
"Gioconda (Almási)","NB","AC/2/1A"
"Gioconda (Almási)","FB","AC/2/1A"
"Gioconda (Almási)","FST","AC/2/1A"
"Giselle (Lavrovszkij)","FB","K/1/4B"
"Giselle (Lavrovszkij)","FB","K/1/5A"
"Giselle (Lavrovszkij)","NB","K/1/5B"
"Giselle (Lavrovszkij)","FB","K/1/6A"
"Giselle (Lavrovszkij)","NB","K/1/6B"
"Giselle (Lavrovszkij)","NB","K/1/7"
"Giselle ( Lavrovszkij)","FST","K/1/8A"
"Háry János (Vidnyánszky)","NK","AC/2/6"
"Háry János (Vidnyánszky)","FB","AC/2/5B"
"Háry János (Vidnyánszky)","FST","AC/2/5A"
"Háry János (Vidnyánszky)","NST","AC/2/5A"
"Háry János (Vidnyánszky)","NK","AC/2/4B"
"Háry János (Vidnyánszky)","NK","AC/2/4A"
"Háry János (Vidnyánszky)","FK","AC/2/3A"
"Háry János (Vidnyánszky)","FK","AC/2/3B"
"Háry János (Vidnyánszky)","NSZ","AC/2/2"
"Háry János (Vidnyánszky)","FSZ","AC/2/1B"
"Hat tánc (Kylián)","FB","A/1/6A"
"Hat tánc (Kylián)","NB","A/1/6B"
"Hat noktürn (Szarka)","FB","C/2/7A"
"Hippolütosz és Aricia (Káel)","NB","AB/2/1A"
"Hat noktürn (Szarka)","NB","C/2/7A"
"Hippolütosz és Aricia (Káel)","FSZ","AC/1/6B"
"Hippolütosz és Aricia (Káel)","FB","AC/2/10"
"Hippolütosz és Aricia (Káel)","NST","AC/2/9B"
"Hippolütosz és Aricia (Káel)","FST","AC/2/9B"
"Hippolütosz és Aricia (Káel)","NK","AC/2/9A"
"Hippolütosz és Aricia (Káel)","FK","AC/2/8"
"Hófehérke és a 7 törpe (Harangozó)","FB","L/1/6B"
"Hófehérke és a 7 törpe (Harangozó)","FB","L/1/7"
"Hófehérke és a 7 törpe (Harangozó)","FB","L/1/8"
"Hófehérke és a 7 törpe (Harangozó)","NB","L/1/9"
"Hófehérke és a 7 törpe (Harangozó)","FB","L/1/10A"
"Hófehérke és a 7 törpe (Harangozó)","NB","L/1/10B"
"Hófehérke és a 7 törpe (Harangozó)","NB","M/1/1"
"Hippolütosz és Aricia (Káel)","FK","AC/2/7B"
"Hippolütosz és Aricia (Káel)","NSZ","AC/2/7A"
"Hófehérke és a 7 törpe (Harangozó)","FST","L/1/10B"
"A hugenották (Szikora)","NB","AA/2/3B"
"Hosszú karácsonyi ebéd (Nagy)- ZAK","FSZ","AD/2/2B"
"Hosszú karácsonyi ebéd (Nagy)- ZAK","NSZ","AD/2/3A"
"A hugenották (Szikora)","FB","AA/2/3A"
"A hugenották (Szikora)","NST","AA/2/2B"
"A hugenották (Szikora)","NST","AA/2/3A"
"A hugenották (Szikora)","FST","AA/2/2A"
"A hugenották (Szikora)","FST","AA/2/1B"
"A hugenották (Szikora)","NK","AA/2/1A"
"A hugenották (Szikora)","NSZ","AB/2/6A"
"A hugenották (Szikora)","NK","AB/2/10"
"A hugenották (Szikora)","NK","AB/2/9"
"A hugenották (Szikora)","FK","AB/2/7A"
"A hugenották (Szikora)","FK","AB/2/6"
"A hugenották (Szikora)","FK","AB/2/5"
"A hugenották (Szikora)","FK","AB/2/4"
"A hugenották (Szikora)","FK","AB/2/3A"
"A hugenották (Szikora)","FK","AB/2/3B"
"A hugenották (Szikora)","NK","AB/2/8"
"A hugenották (Szikora)","NK","AB/2/7B"
"A hugenották (Szikora)","NSZ","AB/2/2B"
"A hugenották (Szikora)","NSZ","AB/2/2A"
"Íphigeneia Tauriszban (Alföldi)","NST","AA/2/5B"
"Íphigeneia Tauriszban (Alföldi)","FST","AA/2/5B"
"Íphigeneia Tauriszban (Alföldi)","FST","AA/2/5A"
"A hugenották (Szikora)","FSZ","AB/2/2A"
"A hugenották (Szikora)","FSZ","AB/2/1B"
"Íphigeneia Tauriszban (Alföldi)","FK","AA/2/4B"
"Íphigeneia Tauriszban (Alföldi)","FK","AA/2/4A"
"Jancsi és Juliska (Villalobos)","NST","AA/2/7A"
"Íphigeneia Tauriszban (Alföldi)","NSZ","AA/2/4A"
"Íphigeneia Tauriszban (Alföldi)","FK","AA/2/9A"
"Jancsi és Juliska (Villalobos)","NSZ","AA/2/6A"
"Jancsi és Juliska (Villalobos)","NST","AA/2/6B"
"Jancsi és Juliska (Villalobos)","FST","AA/2/6B"
"Jancsi és Juliska (Villalobos)","FSZ","AA/2/6A"
"János  passió (Eperjes)","FB","AA/2/9A"
"János passió (Eperjes)","FK","AA/2/8B"
"János passió (Eperjes)","FSZ","AA/2/7B"
"János passió (Eperjes)","NB","AA/2/9A"
"János passió (Eperjes)","NK","AA/2/8"
"János vitéz ( Palcsó)","NB","Z/2/7A"
"János vitéz ( Palcsó)","NB","Z/2/6B"
"János vitéz ( Palcsó)","FB","Z/2/6A"
"János vitéz ( Palcsó)","NST","Z/2/5B"
"János vitéz ( Palcsó)","FST","Z/2/5A"
"János vitéz ( Palcsó)","NK","Z/2/4"
"János vitéz ( Palcsó)","NK","Z/2/3B"
"János vitéz ( Palcsó)","FK","Z/2/3A"
"János vitéz ( Palcsó)","FK","Z/2/2"
"János vitéz ( Palcsó)","FK","Z/2/1"
"János vitéz ( Palcsó)","FSZ","AA/2/10"
"János vitéz ( Palcsó)","FSZ","AA/2/9B"
"Jenufa (Vidnyánszky)","FK","Z/2/9"
"János vitéz ( Palcsó)","NSZ","AA/2/9"
"Jenufa (Vidnyánszky)","NSZ","Z/2/8A"
"Jenufa (Vidnyánszky)","NSZ","Z/2/8B"
"Jenufa (Vidnyánszky)","NK","Z/2/10A"
"Jenufa (Vidnyánszky)","FK","Z/2/8B"
"Jenufa (Vidnyánszky)","FSZ","Z/2/7B"
"Jenufa (Vidnyánszky)","NB","Y/2/2AH"
"Jenufa (Vidnyánszky)","NB","Y/2/1BE"
"Jenufa (Vidnyánszky)","FB","Y/2/1BE"
"Jenufa (Vidnyánszky)","NST","Y/2/1AE"
"Jenufa (Vidnyánszky)","FST","Y/2/1AH"
"Karamazov testvérek (Eifman)","FB","M/1/2B"
"Karamazov testvérek (Eifman)","FB","M/1/3A"
"Joyful (Sarkissova)","FB","A/1/7A"
"Karamazov testvérek (Eifman)","FB","M/1/4"
"Joyful (Sarkissova)","NB","A/1/7B"
"Karamazov testvérek (Eifman)","FST","M/1/5B"
"Karamazov testvérek (Eifman)","NB","M/1/3B"
"Karamazov testvérek (Eifman)","NB","M/1/5A"
"A kékszakállú herceg vára","NST","Y/2/7BE"
"A kékszakállú herceg vára","NB","Y/2/8AH"
"A kékszakállú herceg vára","NSZ","Y/2/8AH"
"A kékszakállú herceg vára","NSZ","Y/2/7BE"
"A kékszakállú herceg vára","FSZ","Y/2/7A"
"Krizantémok, avagy Liu halála (Szilágyi)","NSZ","X/2/4A"
"Krizantémok, avagy Liu halála (Szilágyi)","FSZ","X/2/3B"
"La Violetta  (Almási) ZAK","NST","X/2/8BE"
"La Violetta  (Almási) ZAK","NSZ","X/2/8BH"
"Lammermoori Lucia (Szabó)","FST","X/2/8AH"
"Lammermoori Lucia (Szabó)","NK","X/2/7"
"Lammermoori Lucia (Szabó)","FK","X/2/6B"
"Lammermoori Lucia (Szabó)","NSZ","X/2/6AE"
"La Violetta  (Almási) ZAK","FSZ","X/2/8BH"
"Lammermoori Lucia (Szabó)","NST","X/2/8AE"
"Lammermoori Lucia (Szabó)","FSZ","X/2/5A"
"Laurencia (Csabukiani)","FB","M/1/6"
"Laurencia (Csabukiani)","NB","M/1/7"
"Laurencia (Csabukiani)","FB","M/1/8"
"Laurencia (Csabukiani)","FB","M/1/9"
"Laurencia (Csabukiani)","NST","M/1/10A"
"Laurencia (Csabukiani)","FST","M/1/10B"
"Laurencia (Csabukiani)","NB","N/1/1"
"Laurencia (Csabukiani)","NB","N/1/2"
"Leánder és Lenszirom (Zsótér)","FK","X/2/9AE"
"Lammermoori Lucia (Szabó)","FK","X/2/6AH"
"Lammermoori Lucia (Szabó)","NSZ","X/2/5B"
"Leánder és Lenszirom (Zsótér)","NSZ","X/2/9AE"
"Leánder és Lenszirom (Zsótér)","FSZ","X/2/9AH"
"Lear (Ponnele)","FST","W/2/2B"
"Lear (Ponnele)","FK","W/2/2A"
"Lear (Ponnele)","FK","W/2/1"
"Lear (Ponnele)","NSZ","X/2/10E"
"Lear (Ponnele)","FSZ","X/2/10H"
"Lear (Ponnele)","FSZ","X/2/9BH"
"Lukrécia meggyalázása (Csányi)","FST","W/2/3AH"
"Lukrécia meggyalázása (Csányi)","NSZ","W/2/3AH"
"Macbeth (Szinetár)","NST","V/2/10"
"Macbeth (Szinetár)","FST","V/2/9"
"Macbeth (Szinetár)","FST","V/2/8A"
"Macbeth (Szinetár)","FST","V/2/8BE"
"Macbeth (Szinetár)","NK","V/2/8A"
"Macbeth (Szinetár)","NK","V/2/8BH"
"Macbeth (Szinetár)","NK","V/2/7"
"Macbeth (Szinetár)","NK","V/2/6"
"Macbeth (Szinetár)","NK","V/2/5"
"Macbeth (Szinetár)","NK","V/2/4"
"Macbeth (Szinetár)","NK","V/2/3"
"Macbeth (Szinetár)","NK","V/2/2"
"Macbeth (Szinetár)","NK","V/2/1BE"
"Macbeth (Szinetár)","FK","V/2/1BH"
"Macbeth (Szinetár)","FK","W/2/10"
"Macbeth (Szinetár)","FK","W/2/9"
"Macbeth (Szinetár)","FK","W/2/8"
"Macbeth (Szinetár)","FK","W/2/7"
"Macbeth (Szinetár)","FK","W/2/6"
"Macbeth (Szinetár)","FK","W/2/5"
"Macbeth (Szinetár)","FK","W/2/4B"
"Macbeth (Szinetár)","FK","W/2/4A"
"Macbeth (Szinetár)","FSZ","W/2/3BE"
"Macbeth (Szinetár)","FSZ","W/2/3AE"
"Macbeth (Szinetár)","NSZ","W/2/3BH"
"Macbeth (Szinetár)","NB","U/2/1A"
"Macbeth (Szinetár)","FB","U/2/1A"
"Manon (MacMillan) balett","FB","N/1/3"
"Manon (MacMillan) balett","NB","N/1/4"
"Manon (MacMillan) balett","FB","N/1/5"
"Manon (MacMillan) balett","FB","N/1/6"
"Manon (MacMillan) balett","FB","N/1/7"
"Manon (MacMillan) balett","NB","N/1/8"
"Manon (MacMillan) balett","NB","N/1/9"
"Manon (MacMillan) balett","FST","O/1/2A"
"Manon (MacMillan) balett","NB","N/1/10"
"Manon (MacMillan) balett","NB","O/1/1"
"Manon (MacMillan) balett","NST","O/1/2B"
"Mario és a varázsló (Galambos)","FSZ","U/2/1BH"
"Mario és a varázsló (Galambos)","NSZ","U/2/1BE"
"Mario és a varázsló (Galambos)","FK","U/2/2A"
"Mario és a varázsló (Galambos)","NK","U/2/2BH"
"Marsbéli krónikák (Galambos)","FB","A/1/7A"
"Mario és a varázsló (Galambos)","FST","U/2/2BE"
"Mefistofele (Kovalik)","FSZ","U/2/3A"
"Mefistofele (Kovalik)","NSZ","U/2/3B"
"Mefistofele (Kovalik)","FK","U/2/4"
"Mefistofele (Kovalik)","FK","U/2/5"
"Mefistofele (Kovalik)","FK","U/2/6"
"Mefistofele (Kovalik)","FK","U/2/7"
"Mefistofele (Kovalik)","FK","U/2/8A"
"Mefistofele (Kovalik)","NK","U/2/8B"
"Mefistofele (Kovalik)","NK","U/2/9"
"Mefistofele (Kovalik)","NK","U/2/10"
"Mefistofele (Kovalik)","NK","T/2/1"
"Mefistofele (Kovalik)","NK","T/2/2A"
"Mefistofele (Kovalik)","FST","T/2/2B"
"Mefistofele (Kovalik)","FST","T/2/3"
"Mefistofele (Kovalik)","FST","T/2/4AH"
"Mefistofele (Kovalik)","NST","T/2/4AE"
"Mefistofele (Kovalik)","NST","T/2/4B"
"Mario és a varázsló (Galambos)","NST","U/2/2BE"
"Marsbéli krónikák (Földi)","NB","A/1/7B"
"Mefistofele (Kovalik)","NST","T/2/5AE"
"Mefistofele (Kovalik)","FB","T/2/5AH"
"Megbolydult bolygó (Barta)","FB","A/1/7A"
"Mefistofele (Kovalik)","FB","T/2/5B"
"Mefistofele ( Kovalik)","FB","T/2/6A"
"Megbolydult bolygó (Barta)","NB","A/1/7B"
"Ments meg uram (Almási)","FSZ","T/2/7A"
"Ments meg uram (Almási)","NSZ","T/2/7B"
"Ments meg uram (Almási)","FK","T/2/8A"
"Ments meg uram (Almási)","FK","T/2/8BH"
"Ments meg uram (Almási)","NK","T/2/8BE"
"Ments meg uram (Almási)","NK","T/2/9AH"
"Ments meg uram (Almási)","FB","T/2/9AE"
"Ments meg uram (Almási)","NB","T/2/9AE"
"Ments meg uram (Almási)","NST","T/2/9B"
"Messiás (Anger)","FK","T/2/10A"
"Messiás (Anger)","FK","T/2/10BH"
"Messiás (Anger)","FSZ","T/2/10BE"
"Messiás (Anger)","NSZ","T/2/10BE"
"Messiás (Anger)","NK","S/2/1A"
"Messiás (Anger)","NK","S/2/1BH"
"Messiás (Anger)","FST","S/2/1BE"
"Messiás (Anger)","NST","S/2/2AH"
"Messiás (Anger)","FB","S/2/2AE"
"Messiás (Anger)","NB","S/2/2BH"
"Nabucco (Keselyák)","FK","S/2/9"
"Nabucco (Keselyák)","FK","S/2/10"
"Nabucco (Keselyák)","FK","R/2/1"
"Nabucco (Keselyák)","FSZ","S/2/8A"
"Nabucco (Keselyák)","FST","R/2/3"
"Nabucco (Keselyák)","FST","R/2/4AH"
"Nabucco (Keselyák)","NST","R/2/4AE"
"Nabucco (Keselyák)","NST","R/2/4B"
"Nabucco (Keselyák)","NSZ","S/2/8B"
"Nabucco (Keselyák)","NK","R/2/2"
"Nabucco (Keselyák)","FB","R/2/5AE"
"A négy évig tartó őrség  (Tárnoky)- Osz","FK","AD/2/4A"
"A négy évig tartó őrség (Tárnoky)- Osz","NK","AD/2/4B"
"Oda-Vissza (Varga) GLN","NSZ","AD/2/2B"
"Oda-Vissza (Varga) GLN","NB","AD/2/2B"
"Oda-Vissza (Varga) GLN","FSZ","AD/2/2B"
"Olasz nő Algírban (Szabó)","FSZ","R/2/7A"
"Olasz nő Algírban (Szabó)","NSZ","R/2/7B"
"Olasz nő Algírban (Szabó)","FK","R/2/8"
"Olasz nő Algírban (Szabó)","FK","R/2/9"
"Olasz nő Algírban (Szabó)","NB","R/2/10AE"
"Olasz nő Algírban (Szabó)","FST","R/2/10AH"
"Olasz nő Algírban (Szabó)","FST","R/2/10B"
"Olasz nő Algírban (Szabó)","NST","Q/2/1"
"Olasz nő Algírban (Szabó)","FST","AA/1/9B"
"Operapróba  (Szokol) Osz","FK","AD/2/3B"
"Operapróba (Szokol) Osz","NK","AD/2/3B"
"Orfeusz   (Szenteczki) GLN","NSZ","AC/2/1A"
"Orfeusz   (Szenteczki) GLN","NST","AC/1/1B"
"Orfeusz   (Szenteczki) GLN","FST","AC/1/1B"
"Orfeusz   (Szenteczki) GLN","FSZ","AD/2/1BH"
"Orfeusz   (Szenteczki) GLN","NK","AD/2/1B"
"Otello (Poda)","NST","O/2/4BE"
"Otello (Poda)","FST","O/2/4BH"
"Otello (Poda)","NK","O/2/2B"
"Otello (Poda)","NK","O/2/2A"
"Otello (Poda)","NK","O/2/1"
"Otello (Poda)","NK","P/2/10"
"Otello (Poda)","NK","P/2/9"
"Otello (Poda)","NK","P/2/8"
"Otello (Poda)","NK","P/2/7"
"Otello (Poda)","NK","P/2/6"
"Otello (Poda)","NK","P/2/5B"
"Otello (Poda)","FK","P/2/5A"
"Otello (Poda)","FK","P/2/4"
"Otello (Poda)","FK","P/2/3"
"Otello (Poda)","FK","P/2/1"
"Otello (Poda)","FK","Q/2/10"
"Otello (Poda)","FK","Q/2/9"
"Otello (Poda)","FK","Q/2/8B"
"Otello (Poda)","FK","Q/2/8AE"
"Otello (Poda)","NSZ","Q/2/8AH"
"Otello (Poda)","FSZ","Q/2/7B"
"Otello (Poda)","FST","O/2/4A"
"Otello (Poda)","FST","O/2/3"
"Otello (Vámos) R","FSZ","Q/2/2"
"Otello (Vámos) R","NS","Q/2/3"
"Otello (Vámos) R","NST","Q/2/7A"
"Otello (Vámos) R","FST","Q/2/6BE"
"Otello (Vámos) R","FST","Q/2/6AE"
"Otello (Vámos) R","FST","Q/2/6BH"
"Otello (Vámos) R","NK","Q/2/6AH"
"Örvény (Lukács)","FB","A/1/8A"
"Örvény (Lukács)","NB","A/1/8B"
"Otello (Vámos) R","NK","Q/2/5"
"Otello (Vámos) R","FK","Q/2/4"
"Parasztbecsület (Delnon)","NST","O/2/8A"
"Parasztbecsület (Delnon)","FST","O/1/7B"
"Parasztbecsület (Delnon)","NK","O/2/7A"
"Parasztbecsület (Delnon)","FK","O/2/6"
"Parasztbecsület (Delnon)","NSZ","O/2/5BH"
"Parasztbecsület (Delnon)","FSZ","O/2/5A"
"Parázsfuvolácska (Toronykőy)","NB","N/2/1AE"
"Parázsfuvolácska (Toronykőy","FB","N/2/1AH"
"Parázsfuvolácska (Toronykőy","FST","O/2/10A"
"Parázsfuvolácska (Toronykőy)","NST","O/2/9AH"
"Parázsfuvolácska (Toronykőy)","NSZ","O/2/9BH"
"Párizs lángjai (Vajnonen)","NB","O/1/4"
"Parázsfuvolácska (Toronykőy)","FSZ","O/2/9AE"
"Párisz lángjai (Vajnonen)","FB","O/1/3"
"Párizs lángjai (Vajnonen)","FB","O/1/5"
"Párizs lángjai (Vajnonen)","FB","O/1/6"
"Párizs lángjai (Vajnonen)","NB","O/1/7"
"Párizs lángjai (Vajnonen)","NB","O/1/8"
"Párizs lángjai (Vajnonen)","NB","O/1/9"
"Párizs lángjai (Vajnonen)","NB","O/1/10"
"Párizs lángjai (Vajnonen)","FST","P/1/1"
"Párizs lángjai (Vajnonen)","NST","P/1/2A"
"Parsifal (Almási)","FB","N/2/7A"
"Parsifal (Almási)","NST","N/2/7A"
"Parsifal (Almási)","FST","N/2/6"
"Parsifal (Almási)","NK","N/2/5"
"Parsifal (Almási)","NK","N/2/4B"
"Parsifal (Almási)","NK","N/2/4AE"
"Parsifal (Almási)","FK","N/2/4AH"
"Parsifal (Almási)","FK","N/2/3"
"Parsifal (Almási)","FK","N/2/2B"
"Parsifal (Almási)","NSZ","N/2/2A"
"Parsifal (Almási)","FSZ","N/2/1B"
"Pelléas és Mélisande (Dehlholm)","NST","N/2/9"
"Pelléas és Mélisande (Dehlholm)","NST","N/2/8B"
"Pelléas és Mélisande (Dehlholm)","NSZ","N/2/8A"
"Pelléas és Mélisande (Dehlholm)","FSZ","N/2/7B"
"Pelléas és Mélisande (Dehlholm)","FSZ","N/2/8AH"
"Pelléas és Mélisande (Dehlholm)","NSZ","N/2/8AE"
"Petite mort (Kylián)","FB","A/1/6A doboz"
"Pikk dáma (Milkov)","NB","L/2/2"
"Pikk dáma (Milkov)","FB","L/2/2AH"
"Pikk dáma (Milkov)","FST","L/2/1AH"
"Pikk dáma (Milkov)","FST","M/2/10BE"
"Pikk dáma (Milkov)","FST","M/2/10AE"
"Pikk dáma (Milkov)","NST","L/2/1B"
"Pikk dáma (Milkov)","NST","L/2/1AE"
"Pikk dáma (Milkov)","NK","M/2/10BH"
"Pikk dáma (Milkov)","NK","M/2/10AH"
"Pikk dáma (Milkov)","NK","M/2/9"
"Pikk dáma (Milkov)","NK","M/2/8B"
"Pikk dáma (Milkov)","FK","M/2/7BH"
"Pikk dáma (Milkov)","NK","M/2/8A"
"Pikk dáma (Milkov)","NK","M/2/7BE"
"Pikk dáma (Milkov)","FK","M/2/7AH"
"Pikk dáma (Milkov)","FK","M/2/6"
"Pikk dáma (Milkov)","FK","M/2/5"
"Pikk dáma (Milkov)","NSZ","M/2/4BH"
"Pikk dáma (Milkov)","FK","M/2/4BE"
"Pikk dáma (Milkov)","FK","M/2/4AE"
"Pikk dáma (Milkov)","NSZ","M/2/4AH"
"Pikk dáma (Milkov)","FSZ","M/2/2BE"
"Pikk dáma (Milkov)","NSZ","M/2/3BH"
"Pikk dáma (Milkov)","NSZ","M/2/3A"
"Pikk dáma (Milkov)","FSZ","M/2/2BH"
"Pikk dáma (Milkov)","FSZ","M/2/2AE"
"Pikk dáma (Milkov)","FSZ","M/2/2AH"
"Pillangókisasszony (Kerényi)","FSZ","N/2/10A"
"Pillangókisasszony (Kerényi)","NSZ","M/2/1AH"
"Pillangókisasszony (Kerényi)","FK","N/2/10B"
"Pillangókisasszony (Kerényi)","NK","N/2/10A"
"Pillangókisasszony (Kerényi)","NST","M/2/2AE"
"Pillangókisasszony (Kerényi)","NK","M/2/1AE"
"Pillangókisasszony (Kerényi)","FST","M/2/1BE"
"Pomádé király új ruhája (Toronykőy)","FST","L/2/5AH"
"Pomádé király új ruhája (Toronykőy)","FB","A/1 - (Beatles doboz)"
"Pomádé király új ruhája (Toronykőy)","NB","L/2/5AE"
"Pomádé király új ruhája (Toronykőy)","NK","L/2/4BE"
"Pomádé király új ruhája (Toronykőy)","FK","L/2/4AH"
"Pomádé király új ruhája (Toronykőy)","FK","L/2/3BE"
"Pomádé király új ruhája (Toronykőy)","NK","L/2/4AE"
"Pomádé király új ruhája (Toronykőy)","FSZ","L/2/3BE"
"Pomádé király új ruhája (Toronykőy)","FSZ","L/2/3A"
"Poppea megkoronázása (Almási)","FST","L/2/6BH"
"Poppea megkoronázása (Almási)","NSZ","L/2/6EH"
"Poppea megkoronázása (Almási)","NSZ","L/2/5BE"
"Poppea megkoronázása (Almási)","FSZ","L/2/5AE"
"Poppea megkoronázása (Almási)","FSZ","L/2/5BH"
"Pomádé király új ruhája (Toronykőy)","FK","L/2/4BH"
"Pomádé király új ruhája (Toronykőy)","NSZ","L/2/3BH"
"Porgy és Bess (Almási)","NST","L/2/10A"
"Porgy és Bess (Almási)","NST","L/2/10B"
"Porgy és Bess (Almási)","NST","L/2/10AE"
"Porgy és Bess (Almási)","FST","L/2/10AH"
"Porgy és Bess (Almási)","NK","L/2/9"
"Porgy és Bess (Almási)","FK","L/2/8"
"Porgy és Bess (Almási)","NSZ","L/2/7AE"
"Porgy és Bess (Almási)","NSZ","L/2/7BE"
"Porgy és Bess (Almási)","NSZ","L/2/7BH"
"Porgy és Bess (Almási)","FSZ","L/2/7AH"
"Porgy és Bess (Almási)","FSZ","L/2/6BE"
"Porgy és Bess (Almási)","FSZ","L/2/6AE"
"Rain Dogs (Inger)","FB","A/1/9A"
"Rain Dogs (Inger)","NB","A/1/9B"
"Rigoletto (Szinetár)","NST","J/2/6AE"
"Rigoletto (Szinetár)","NST","J/2/6BH"
"Rigoletto (Szinetár)","FST","J/2/6AH"
"Rigoletto (Szinetár)","FST","J/2/5"
"Rigoletto (Szinetár)","FK","J/2/4"
"Porgy és Bess (Almási)","NB","K/2/1AH"
"Porgy és Bess (Almási)","FB","K/2/1AH"
"Rigoletto (Szinetár)","FK","J/2/3"
"Rigoletto (Szinetár)","FK","J/2/2AE"
"Rigoletto (Szinetár)","FK","J/2/2BE"
"Rigoletto (Szinetár)","NSZ","J/2/2AH"
"Rigoletto (Szinetár)","NSZ","J/2/2BH"
"Rigoletto (Szinetár)","NSZ","J/2/1AE"
"Rigoletto (Szinetár)","NSZ","J/2/1BE"
"Rigoletto (Szinetár)","FSZ","J/2/1AH"
"Rigoletto (Szinetár)","FSZ","J/2/1BH"
"Rigoletto (Szinetár)","FSZ","K/2/10"
"Rigoletto (Szinetár)","FSZ","K/2/9B"
"Rigoletto (Szinetár)","FSZ","K/2/9AE"
"Rómeó és Júlia  (Seregi)","FB","P/1/2B"
"Rómeó és Júlia (Seregi)","FB","P/1/3"
"Rómeó és Júlia (Seregi)","NB","P/1/4"
"Rómeó és Júlia (Seregi)","NB","P/1/5A"
"Rómeó és Júlia (Seregi)","FB","P/1/5B"
"Rómeó és Júlia (Seregi)","FB","P/1/6"
"Rómeó és Júlia (Seregi)","FB","P/1/7"
"Rómeó és Júlia (Seregi)","FB","P/1/8"
"Rómeó és Júlia (Seregi)","NB","P/1/9"
"Rómeó és Júlia (Seregi)","NB","P/1/10"
"Rómeó és Júlia (Seregi)","FST","Q/1/1"
"Rómeó és Júlia (Seregi)","NST","Q/1/2"
"Sába királynője (Káel)","NB","I/2/1BH"
"Sába királynője (Káel)","FB","I/2/1AH"
"Sába királynője (Káel)","NST","J/2/10AE"
"Sába királynője (Káel)","NST","J/2/10BE"
"Sába királynője (Káel)","FST","J/2/10BH"
"Sába királynője (Káel)","FST","J/2/10AH"
"Sába királynője (Káel)","NK","J/2/9BE"
"Sába királynője (Káel)","NK","J/2/9BH"
"Sába királynője (Káel)","FK","J/2/9AH"
"Sába királynője (Káel)","FK","J/2/9AE"
"Sába királynője (Káel)","FK","J/2/8A"
"Sába királynője (Káel)","FK","J/2/8B"
"Sába királynője (Káel)","NSZ","J/2/7AH"
"Sába királynője (Káel)","NST","J/2/7BH"
"Sába királynője (Káel)","FSZ","J/2/7AE"
"Sába királynője (Káel)","FSZ","J/2/7AH"
"Sába királynője (Káel)","NSZ","J/2/7B"
"Sarabande (Kylian)","FB","A/1/9A"
"Sancta Susanna (Varga) GLN","FSZ","AD/2/2B"
"Sancta Susanna (Varga) GLN","NSZ","AD/2/3A"
"Seherezádé (Harangozó)","FB","A/2/6"
"Siegfried (M.Tóth)","FB","I/2/5AE"
"Siegfried (M.Tóth)","FST","I/2/5AE"
"Siegfried (M.Tóth)","NSZ","I/2/5BH"
"Siegfried (M.Tóth)","FSZ","I/2/5AH"
"Seherezádé (Harangozó)","FB","A/2/7A"
"Seherezádé (Harangozó)","NB","A/2/7B"
"Siegfried-idill, avagy Egy barátság vége (Kálloy)","FSZ","AD/2/2B"
"Siegfried-idill, avagy Egy barátság vége (Kálloy)","NSZ","AD/2/3B"
"Siegfried-idill, avagy Egy barátság vége (Kálloy)","FB","AD/2/3B"
"Siegfried-idill, avagy Egy barátság vége (Kálloy)","NB","AD/2/3B"
"Siegfried-idill, avagy Egy barátság vége (Kálloy)","NST","AD/2/3B"
"Siegfried-idill, avagy Egy barátság vége (Kálloy)","FST","AC/1/1A"
"Simon Boccanegra (Stefanutti)","FSZ","I/2/7BH"
"Simon Boccanegra (Stefanutti)","FSZ","I/2/7AH"
"Simon Boccanegra (Stefanutti)","FSZ","I/2/6"
"Simon Boccanegra (Stefanutti)","NST","H/2/3"
"Simon Boccanegra (Stefanutti)","FST","H/2/2"
"Simon Boccanegra (Stefanutti)","FST","H/2/1B"
"Simon Boccanegra (Stefanutti)","NK","H/2/1A"
"Simon Boccanegra (Stefanutti)","NK","I/2/10B"
"Simon Boccanegra (Stefanutti)","FK","I/2/9"
"Simon Boccanegra (Stefanutti)","FK","I/2/8"
"Simon Boccanegra (Stefanutti)","NSZ","I/2/7AE"
"Simon Boccanegra (Stefanutti)","NS","I/2/7BE"
"Sír a téli éjszaka (Tóth)","FK","H/2/3BH"
"Sír a téli éjszaka (Tóth)","NK","H/2/3BE"
"Sír a téli éjszaka (Tóth)","FST","H/2/4E"
"Spartacus (Seregi)","FB","Q/1/6B"
"Spartacus (Seregi)","FB","Q/1/7"
"Spartacus (Seregi)","NB","Q/1/8A"
"Spartacus (Seregi)","FB","Q/1/9"
"Spartacus (Seregi)","FB","Q/1/10"
"Spartacus (Seregi)","NB","R/1/1"
"Spartacus (Seregi)","FST","R/1/2A"
"Spartacus (Seregi)","NST","R/1/2B"
"Sylvia (Seregi)","FB","R/1/3"
"Sylvia (Seregi)","NB","R/1/4A"
"Sylvia (Seregi)","FB","R/1/4B"
"Sylvia (Seregi)","FB","R/1/5A"
"Sylvia (Seregi)","NB","R/1/5B"
"Sylvia pas de deux (Balanchine)","FB","R/1/6A"
"Székely fonó (Znaniecki)","FSZ","G/2/2AH"
"Székely fonó (Znaniecki)","NSZ","G/2/2AE"
"Székely fonó (Znaniecki)","NSZ","G/2/2BH"
"Székely fonó (Znaniecki)","FK","G/2/2BE"
"Székely fonó (Znaniecki)","FK","G/2/3"
"Székely fonó (Znaniecki)","NK","G/2/4"
"Székely fonó (Znaniecki)","NK","G/2/5A"
"Székely fonó (Znaniecki)","NST","G/2/5BE"
"Székely fonó (Znaniecki)","FST","G/2/5BH"
"Székely fonó (Znaniecki)","FB","G/2/6A"
"Székely fonó (Znaniecki)","NB","G/2/6B"
"Szentivánéji álom (Seregi)","FB","R/1/6B"
"Szentivánéji álom (Seregi)","NB","R/1/7A"
"Szentivánéji álom (Seregi)","FB","R/1/7B"
"Szentivánéji álom (Seregi)","FB","R/1/8"
"Szentivánéji álom (Seregi)","FB","R/1/9"
"Szentivánéji álomSzentivánéji álom (Seregi)","NB","R/1/10"
"Szentivánéji álom (Seregi)","FST","S/1/1A"
"Szentivánéji álom (Seregi)","FSZ","H/2/4AH"
"Szentivánéji álom (Seregi)","FSZ","H/2/4BH"
"Szentivánéji álom (Seregi)","FSZ","H /2/5BH"
"Szentivánéji álom (Seregi)","NSZ","H /2/5AH"
"Szentivánéji álom (Seregi)","NSZ","H /2/5AE"
"Szentivánéji álom (Seregi)","NSZ","H /2/5B"
"Szerelem (Kiljunen)","FSZ","AA/1/3B"
"Szerelem (Kiljunen)","NSZ","AA/1/4A"
"Szerelem (Kiljunen)","FK","AA/1/4B"
"Szerelem (Kiljunen)","NK","AA/1/5B"
"Szerelem (Kiljunen)","FST","AA/1/6A"
"Szerelem (Kiljunen)","NST","AA/1/6B"
"Szerelmi bájital (Zambello)","FSZ","H /2/5B"
"Szerelmi bájital (Zambello)","FK","H/2/6AH"
"Szerelmi bájital (Zambello)","FK","H/2/6BH"
"Szerelmi bájital (Zambello)","NK","H/2/6AE"
"Szerelmi bájital (Zambello)","NK","H/2/6BE"
"Szerelmi bájital (Zambello)","NK","H/2/7"
"Szerelmi bájital (Zambello)","FST","H/2/8AE"
"Szerelmi bájital (Zambello)","NST","H/2/8AE"
"Szerelmi bájital (Zambello)","NST","H/2/8AH"
"Szerelmi bájital (Zambello)","FB","H/2/8BH"
"Szerelmi bájital (Zambello)","NB","H/2/8BH"
"Szerelmi bájital 2.0 ( Toronykőy)","FSZ","H/2/8BE"
"Szerelmi bájital 2.0 ( Toronykőy)","FSZ","H/2/9AH"
"Szerelmi bájital 2.0 ( Toronykőy)","NSZ","H/2/9AE"
"Szerelmi bájital 2.0 ( Toronykőy)","FK","H/2/9B"
"Szerenád (Balanchine)","NB","A/1/10A"
"Szerelmi bájital 2.0 ( Toronykőy)","NK","H/2/10AE"
"Szerenád (Balanchine)","FB","A/1/9A"
"Szöktetés a szerájból (Vecsei)","FSZ","G/2/8A"
"Szöktetés a szerájból (Vecsei)","NSZ","G/2/8BE"
"Szöktetés a szerájból (Vecsei)","FST","G/2/8BH"
"Táncszvit  (Bartók)","FB","A/1/10B"
"Táncszvit  (Bartók)","NB","A/1/10A"
"Szöktetés a szerájból (Vecsei)","FB","G/2/9A"
"Szöktetés a szerájból (Vecsei)","NB","G/2/9B"
"Téma és variációk (Balanchine)","FB","S/1/9B"
"Térzene (Harangozó)","FB","S/1/6A"
"Térzene (Harangozó)","NB","S/1/6B"
"Térzene (Harangozó)","FB","S/1/7"
"Térzene (Harangozó)","NB","S/1/8A"
"Tosca (Nagy)","FSZ","F/2/1AE"
"Tosca (Nagy)","FSZ","F/2/1AH"
"Tosca (Nagy)","NSZ","F/2/1BE"
"Tosca (Nagy)","FSZ","F/2/1BH"
"Tosca (Nagy)","NSZ","F/2/2A"
"Tosca (Nagy)","FK","F/2/2B"
"Tosca (Nagy)","FK","F/2/3A"
"Tosca (Nagy)","NK","F/2/3B"
"Tosca (Nagy)","NK","F/2/4AH"
"Tosca (Nagy)","FST","F/2/4AE"
"Tóték (Káel)","NSZ","AC/1/2B"
"Tóték (Káel)","FSZ","AC/1/3A"
"Tosca (Nagy)","FST","F/2/4B"
"Tosca (Nagy)","NST","F/2/5A"
"Tóték (Káel)","NST","AC/1/5A"
"Tóték (Káel)","FK","AC/1/3B"
"Tóték (Káel)","NK","AC/1/4B"
"Traviata (Békés)","NB","A/2/8AE"
"Traviata (Békés)","FB","A/2/8AH"
"Trois Gnossiennes (Manen)","FB","A/1/10B"
"Trois Gnossiennes (Manen)","NB","A/1/10A"
"Újévi (Szépművészeti)","FB","A/1/10B"
"Tűzmadarak (Venekei)","NB","A/1/9B"
"Tűzmadarak (Venekei)","FB","A/1/10B"
"Újévi (Szépművészeti)","NB","A/1/10A"
"Változatok egy gyermekdalra (Seregi)","FB","S/1/8B"
"Változatok egy gyermekdalra (Seeregi)","NB","S/1/9A"
"Változatok egy gyermekdalra (Seregi)","NB","S/1/9A"
"Veszedelmes éden (Barta)","NSZ","C/2/1AE"
"Veszedelmes éden (Barta)","FSZ","C/2/1AH"
"Veszedelmes éden (Barta)","FST","C/2/1AH"
"Veszedelmes éden (Barta)","NB","C/2/1BH"
"Veszedelmes éden (Barta)","FB","C/2/1BE"
"Walking mad (Inger)","FB","S/1/10A"
"Vígkantáták   (Ódry színpad, Bach)","NSZ","AD/2/3A"
"Vígkantáták   (Ódry színpad, Bach)","FSZ","AD/2/2B"
" Walking mad (Inger)","NB","S/1/10B"
"Werther (Szikora)","FSZ","C/2/3BE"
"Werther (Szikora)","FSZ","C/2/4AH"
"Werther (Szikora)","NSZ","C/2/4AE"
"Werther (Szikora)","NSZ","C/2/4B"
"Werther (Szikora)","FST","C/2/5A"
"Who Cares ? (Balanchine)","NB","A/1/9B"
"Who Cares ? (Balanchine)","FB","A/1/10B"
"Werther (Szikora)","NST","C/2/5B"
"Werther (Szikora)","NST","C/2/6"
"Xerxes ( Kovalik)","FSZ","C/2/7BH"
"Xerxes (Kovalik)","FSZ","C/2/7BE"
"Xerxes (Kovalik)","NSZ","C/2/8A"
"Xerxes (Kovalik)","NSZ","C/2/8BH"
"Xerxes (Koivalik)","FK","C/2/8BE"
"Xerxes (Kovalik)","FK","C/2/9AH"
"Xerxes (Kovalik)","NK","C/2/9AE"
"Xerxes (Kovalik)","FB","C/2/9B"
"Xerxes- (Kovalik)","NB","C/2/10A"
"SAD CASE (Lightfoot)","FB","A/1/7A"
"SAD CASE (Lightfoot)","NB","A/1/1AH"
"Figaro 3 (Dömötör)","NSZ","AA/1/10 A"
"Figaro 3 (Dömötör)","FSZ","AA/1/9/BH"
"Figaro 3 (Dömötör)","FST","AA/1/10/BE"
"Figaro 3 (Dömötör) gömb","FST","E/1/6"
"Diána és Akteon pas de deux","FB","A/1/1AE"
"Adagietto ( Mahler)","FB","A/1/1AE"
"Diána és Akteon pas de deux","NB","A/1/1/BE"
"Az úrhatnán polgár (Tarnóczi)","FB","S/1/10AE"
"Az úrhatnán polgár (Tarnóczi)","FSZ","Y/1/8"
"Trójai játékok amazonokkal (North)","NB","A (doboz)"
"Trójai játékok -TROY GAMES (North)","FB","A/1/8  (doboz)"
"Az úrhatnán polgár (Tarnóczi)","FST","S/1/10/BE"
"Porgy és Bess (Almási) ","NB","O1"
"Messiás (doboz)","NB","O1"
"Pomádé király  új ruhája (Toronykőy)","NB","O1 ( Messiás doboz)"
"Ments meg Uram ( doboz)","NB","O1"
"Farsangi lakodalom (Almási)","FB","S/1/6AE"
"Farsangi lakodalom (Almási)","NB","S/1/6AE"
"Farsangi lakodalom (Almási)","NST","S/1/6AE"
"Farsangi lakodalom ( Almási)","FST","S/1/6AE"
"Farsangi lakodalom (Almási)","FSZ","S/1/4BH"
"Farsangi lakodalom (Almási)","NSZ","S/1/4BE"
"Farsangi lakodalom (Almási)","FK","S/1/5A"
"Farsangi lakodalom (Almási)","NK","S/1/5B"
"A bűvös szekrény  (doboz)","FK","Y/1/10/B"
"Keresztkantáták (Horváth)","FB","U/1/9 B"
"Keresztkantáták (Horváth)","NB","U/1/10B"
"Paquita-szvit (Solymosi)","FB","L/1/8AE"
"Paquita-szvit (Solymosi)","NB","Q/1/8B"
"Mefistofele","NB","T/2/6/B"
"Szöktetés a szerájból (Vecsei)- doboz","FK","G/1/8B"
"KisHattyúk tava (Chernakova)","FB","FAL mellett"
"János Vitézke","FB","Fal mellett"
"Keresztkantáták (Horváth)","FSZ","U/1/8/BE"
"Az aranyműves boltja  (Szikora)","FSZ","AB/1/8AH"
"Bohém Kiskarácsony (Aczél)","FSZ","AC/1/3 AH"
"Athén romjai (Oberfrank)","FSZ","AA/1/7A"
"Athén romjai (Oberfrank)","NSZ","AA/1/7AH"
"Az aranyműves boltja (Szikora)","NSZ","AC/1/2 BE"
"Athén romjai (Oberfrank)","FB","J/1/4B"
"Athén romjai (Oberfrank)","NB","J/1/4/BH"
"A kékszakállú herceg vára (Nagy)","NSZ","Y/2/7BH"
"János vitézke","NST","H2 (Doboz)"
"Az úrhatnán polgár (Tarnóczi)","NST","H/2/1BE"
"Don Carlos (Hilbrich)","FK","X/1/10"
"Nyugat lánya (Barkhatov)","NSZ","R/2/5BE"
"Az álruhás kertészlány (Almási)","FSZ","C/1/4H"
"Az álruhás kertészlány (Almási)","NSZ","C/1/4E"
"Az úrhatnán polgár (Tarnóczi)","NSZ","C/1/5 AE"
"Az úrhatnán polgár (Tarnóczi)","NK","C/1/5 BE"
"Az úrhatnán polgár (Tarnóczi)","FK","C/1/5/ AH"
"Az úrhatnán polgár (Tarnóczi)","FK","C/1/5/BH"
"Mayerling (MacMillan)","FB","OP/D"
"Mayerling (MacMillan)","NB","OP/C"
"Mayerling (MacMillan)","FST","OP/D"
"Hunyadi László (Ókovács)","FST","OP/C"
"Hunyadi László (Ókovács)","NST","OP/C"
"Andrea Cheniér (Ceresa)",NULL,"ERKEL"
"A tisztességtudó utcalány (Székely","FSZ","AA/2/4AH"
"Rigoletto (Szinetár)","FB","J/2/6AH"
"Dido & Aeneas (Barta)","FSZ","C/1/6 A"
"Dido & Aeneas (Barta)","NSZ","C/1/6 A"
"Dido & Aeneas (Barta)","FK","C/1/6 BE"
"Dido & Aeneas (Barta)","NK","C/1/6 BH"
"Dido & Aeneas (Barta)","FB","C/1/7 AE"
"Dido & Aeneas (Barta)","NB","C/1/7 AH",
